{
  "basics": {
    "name": "Yiwei Liu",
    "email": "yl889@sussex.ac.uk",
    "phone": "",
    "website": "https://lywlywlywlywlyw.github.io",
    "summary": "M.S. student in Artificial Intelligence and Adaptive Systems (University of Sussex)",
    "location": {
      "address": "",
      "postalCode": "",
      "city": "Hangzhou",
      "countryCode": "CN",
      "region": ""
    },
    "profiles": [
      {
        "network": "GitHub",
        "username": "lywlywlywlywlyw",
        "url": "https://github.com/lywlywlywlywlyw"
      },
      {
        "network": "Kaggle",
        "username": "evansussex",
        "url": "https://www.kaggle.com/evansussex"
      }
    ]
  },
  "work": [],
  "education": [],
  "skills": [],
  "languages": [],
  "interests": [],
  "references": [],
  "publications": [],
  "presentations": [],
  "teaching": [],
  "portfolio": []
}